id,first_name,last_name,gender,address,post_code,email,username,dob,registered_date,phone,picture
889-53-0877,Lucy,Walker,female,"5350 Cherry St, Riverside, Maine, United States",53719,lucy.walker@example.com,blacksnake778,1947-11-29T13:42:28.938Z,2007-07-19T08:42:37.827Z,(708) 553-1238,https://randomuser.me/api/portraits/med/women/8.jpg
NaNNA249undefined,Leevi,Wuori,male,"6005 Verkatehtaankatu, Pelkosenniemi, Kymenlaakso, Finland",98039,leevi.wuori@example.com,heavyzebra474,1944-10-01T03:40:23.027Z,2014-10-03T22:25:57.800Z,06-149-083,https://randomuser.me/api/portraits/med/men/44.jpg
NH 44 86 46 E,Anna,Cole,female,"254 New Road, Bath, Cheshire, United Kingdom",YB8 2DW,anna.cole@example.com,brownostrich265,1998-10-06T21:16:50.731Z,2005-03-14T19:26:16.803Z,016973 95943,https://randomuser.me/api/portraits/med/women/32.jpg
31751695,Ayah,Van Eijck,female,"2160 Juliana Bernhardweg, De Steeg, Utrecht, Netherlands",0372 PO,ayah.vaneijck@example.com,lazyostrich532,1986-01-04T23:39:54.133Z,2002-08-05T01:51:19.149Z,(020) 4904639,https://randomuser.me/api/portraits/med/women/58.jpg
653-12-2922,Angel,Fisher,male,"9821 E Pecan St, Sioux Falls, Minnesota, United States",99546,angel.fisher@example.com,yellowbutterfly455,1965-04-03T01:26:09.044Z,2002-06-27T21:31:03.214Z,(304) 999-8548,https://randomuser.me/api/portraits/med/men/58.jpg
149942260,Camille,Lo,female,"5277 Bay Ave, Aylmer, Nova Scotia, Canada",Y3P 0E6,camille.lo@example.com,organiccat428,1968-07-26T11:47:38.347Z,2012-10-16T07:07:29.773Z,U40 I63-7039,https://randomuser.me/api/portraits/med/women/96.jpg
835-37-6385,Daniel,Johnson,male,"3276 Railroad St, St. Louis, Iowa, United States",80204,daniel.johnson@example.com,whiteladybug291,1947-04-27T08:02:37.191Z,2020-02-06T10:22:07.995Z,(978) 304-2841,https://randomuser.me/api/portraits/med/men/31.jpg
44 34 60 4878 3,Nazario,Nazario,male,"4142 Ampliación Guatemala, Villa Vicente Guerrero, Michoacan, Mexico",21321,nazario.nazario@example.com,tinyrabbit655,1950-02-24T19:51:40.231Z,2009-10-25T23:39:26.647Z,(672) 503 7892,https://randomuser.me/api/portraits/med/men/51.jpg
882348345,Liam,Gagné,male,"2850 Concession Road 6, Summerside, Québec, Canada",S6S 4X4,liam.gagne@example.com,sadmouse176,1986-06-29T18:18:18.074Z,2012-05-29T06:24:06.399Z,E51 T83-6652,https://randomuser.me/api/portraits/med/men/83.jpg
73 58 06 3431 0,Aurora,Véliz,female,"3646 Pasaje Frías, Iturbide, Yucatan, Mexico",61210,aurora.veliz@example.com,yellowrabbit207,1987-08-05T19:13:28.972Z,2016-01-22T13:25:04.986Z,(621) 830 5856,https://randomuser.me/api/portraits/med/women/54.jpg
26074612,Jesper,Nieuweboer,male,"2306 Eltenseweg, Kamperzeedijk, Flevoland, Netherlands",8591 AK,jesper.nieuweboer@example.com,brownduck661,1981-08-14T12:22:32.394Z,2021-05-09T11:09:12.043Z,(039) 4277862,https://randomuser.me/api/portraits/med/men/64.jpg
1590211191826 35,Oscar,Chevalier,male,"1991 Rue Chazière, Pau, Yonne, France",21652,oscar.chevalier@example.com,tinygoose579,1959-03-20T18:56:09.619Z,2007-05-02T09:04:42.157Z,03-27-97-89-72,https://randomuser.me/api/portraits/med/men/47.jpg
66319732-D,Lidia,Garrido,female,"5067 Paseo de Extremadura, Orihuela, Castilla y León, Spain",17592,lidia.garrido@example.com,tinybear548,1974-02-18T20:47:03.905Z,2008-12-15T06:59:41.521Z,989-596-256,https://randomuser.me/api/portraits/med/women/84.jpg
NaNNA561undefined,Eino,Jarvi,male,"736 Otavalankatu, Kouvola, Päijät-Häme, Finland",32996,eino.jarvi@example.com,ticklishbird448,1998-07-26T15:33:15.934Z,2020-12-29T14:16:33.512Z,03-021-087,https://randomuser.me/api/portraits/med/men/47.jpg
675.918.704-01,Iohana,Campos,female,"8151 Rua Um, Poá, Sergipe, Brazil",62353,iohana.campos@example.com,ticklishpeacock182,1995-02-24T10:49:10.718Z,2010-12-05T07:13:12.269Z,(58) 4788-6175,https://randomuser.me/api/portraits/med/women/94.jpg
NaNNA988undefined,Aada,Wallo,female,"581 Pirkankatu, Nummi, Northern Ostrobothnia, Finland",33075,aada.wallo@example.com,sadbear428,1958-05-25T21:41:00.061Z,2012-01-26T14:16:41.043Z,02-898-738,https://randomuser.me/api/portraits/med/women/46.jpg
881-57-3983,Karl,Baker,male,"43 W Dallas St, Oceanside, Maine, United States",94747,karl.baker@example.com,heavybutterfly395,1962-08-28T07:17:22.004Z,2014-01-27T15:32:47.167Z,(207) 300-9614,https://randomuser.me/api/portraits/med/men/47.jpg
756.0208.2104.90,Mohamad,Fernandez,male,"8190 Montée du Chemin-Neuf, Niederweningen, Zürich, Switzerland",4734,mohamad.fernandez@example.com,silverpeacock369,1991-04-13T08:59:54.424Z,2022-02-20T00:10:31.101Z,078 232 61 21,https://randomuser.me/api/portraits/med/men/16.jpg
0409188T,Rachel,Fitzpatrick,female,"8628 Church Lane, Roscrea, Wexford, Ireland",87304,rachel.fitzpatrick@example.com,yellowcat694,1972-02-22T14:27:37.407Z,2017-11-16T01:09:40.440Z,021-575-3089,https://randomuser.me/api/portraits/med/women/15.jpg
51252308,Hale,Meyer,female,"1271 De Evendeel, Oudewater, Groningen, Netherlands",2420 RZ,hale.meyer@example.com,silverladybug979,1989-12-02T05:27:57.653Z,2015-11-10T11:36:40.756Z,(008) 8907401,https://randomuser.me/api/portraits/med/women/24.jpg
10056742927,Eldar,Sandbakken,male,"3787 Gartnerveien, Sylling, Aust-Agder, Norway",5712,eldar.sandbakken@example.com,lazygoose861,1967-05-10T06:41:44.787Z,2019-04-19T04:19:17.551Z,85544438,https://randomuser.me/api/portraits/med/men/6.jpg
25078920672,Maiken,Straume,female,"9911 Rosteds gate, Kolvereid, Møre og Romsdal, Norway",0186,maiken.straume@example.com,blueladybug298,1989-07-25T23:16:37.872Z,2016-11-16T10:48:23.395Z,25880779,https://randomuser.me/api/portraits/med/women/96.jpg
27213647,Emmanuel,Wildschut,male,"8030 De Markehof, Babberich, Noord-Brabant, Netherlands",7508 KN,emmanuel.wildschut@example.com,redbutterfly881,1976-09-13T15:22:09.451Z,2010-10-30T14:04:24.034Z,(065) 8729021,https://randomuser.me/api/portraits/med/men/94.jpg
2830815597101 49,Angelina,Blanchard,female,"9412 Rue Bataille, Dijon, Jura, France",35642,angelina.blanchard@example.com,silverfrog954,1983-09-03T23:45:29.077Z,2002-10-13T04:24:33.694Z,04-07-47-91-36,https://randomuser.me/api/portraits/med/women/74.jpg
882307884,Mirna,Jakovljević,female,"2019 Nikole Stankovića, Bačka Topola, Kolubara, Serbia",48155,mirna.jakovljevic@example.com,yellowswan952,1988-08-24T07:54:12.263Z,2010-04-02T19:39:05.633Z,022-4018-706,https://randomuser.me/api/portraits/med/women/66.jpg
33 23 12 8830 0,Amalia,Mayorga,female,"2775 Privada Sur Madrigal, Monte Mariana, Guerrero, Mexico",61470,amalia.mayorga@example.com,heavykoala532,1950-09-14T12:15:51.007Z,2003-08-28T18:55:38.767Z,(660) 611 0967,https://randomuser.me/api/portraits/med/women/78.jpg
959040316,Adam,Ellis,male,"2411 Fairview St, Darwin, Australian Capital Territory, Australia",4787,adam.ellis@example.com,ticklishkoala302,1954-12-03T17:56:58.403Z,2002-12-24T17:44:00.064Z,06-6912-3757,https://randomuser.me/api/portraits/med/men/84.jpg
333670526,Slavko,Rukavina,male,"2456 Zorke Todosić , Preševo, Moravica, Serbia",36140,slavko.rukavina@example.com,beautifulladybug283,1950-03-03T08:14:41.693Z,2006-04-05T12:17:38.437Z,036-4124-559,https://randomuser.me/api/portraits/med/men/46.jpg
855095987,Borislav,Bekić,male,"2394 Mušnikovska, Bujanovac, Pčinja, Serbia",61448,borislav.bekic@example.com,silverwolf161,1967-07-28T11:41:34.273Z,2003-11-14T19:31:45.471Z,037-5692-301,https://randomuser.me/api/portraits/med/men/86.jpg
11000623578812 76,Dylan,Morin,male,"2388 Rue Louis-Blanqui, Poitiers, Aube, France",99235,dylan.morin@example.com,heavyfish180,2000-07-03T04:51:39.581Z,2012-02-25T02:54:13.721Z,05-55-86-94-13,https://randomuser.me/api/portraits/med/men/51.jpg
622818383,Alexis,Ennis,female,"3782 King St, New Glasgow, Nunavut, Canada",K4L 6I5,alexis.ennis@example.com,bluepanda431,1948-10-09T20:51:59.894Z,2009-12-03T14:53:02.345Z,X31 V53-6229,https://randomuser.me/api/portraits/med/women/28.jpg
6788496T,Maddison,Fitzsimmons,female,"530 Pearse Street, Clane, Laois, Ireland",92268,maddison.fitzsimmons@example.com,brownrabbit658,1946-12-15T17:12:02.914Z,2009-03-25T17:46:16.768Z,051-789-3606,https://randomuser.me/api/portraits/med/women/56.jpg
756.5284.6485.79,Luís,Giraud,male,"2733 Rue Abel-Ferry, Zollikon, Vaud, Switzerland",1948,luis.giraud@example.com,lazylion439,1977-10-10T12:30:43.407Z,2013-02-27T14:19:30.615Z,075 075 54 18,https://randomuser.me/api/portraits/med/men/47.jpg
08246106-W,Borja,Calvo,male,"5510 Calle Mota, Ferrol, Comunidad de Madrid, Spain",67970,borja.calvo@example.com,angryladybug739,1960-07-19T14:04:30.359Z,2004-06-17T00:35:29.756Z,923-601-334,https://randomuser.me/api/portraits/med/men/41.jpg
090887-8568,Isabella,Jensen,female,"8630 Bakkegårdsparken, Silkeboeg, Danmark, Denmark",60298,isabella.jensen@example.com,tinyrabbit470,1987-08-10T02:23:38.019Z,2012-12-05T10:36:08.572Z,73619160,https://randomuser.me/api/portraits/med/women/35.jpg
85976537-B,Mariano,Flores,male,"1819 Calle de Ferraz, La Coruña, Castilla la Mancha, Spain",99956,mariano.flores@example.com,orangemeercat305,1974-02-18T17:28:33.390Z,2016-07-30T02:33:04.420Z,991-566-133,https://randomuser.me/api/portraits/med/men/6.jpg
756.4341.8639.18,Dimitri,Gaillard,male,"162 Place du 22 Novembre 1943, Birrhard, Valais, Switzerland",2800,dimitri.gaillard@example.com,tinypeacock468,1946-04-16T03:02:52.097Z,2007-09-10T05:59:59.001Z,077 316 91 95,https://randomuser.me/api/portraits/med/men/38.jpg
8839959T,Kim,Mitchell,female,"8629 Park Road, Ballybofey-Stranorlar, Sligo, Ireland",82982,kim.mitchell@example.com,redgoose493,1995-10-22T00:53:04.934Z,2019-05-09T09:21:09.220Z,051-533-0013,https://randomuser.me/api/portraits/med/women/68.jpg
915095723,William,Addy,male,"4357 College Ave, Lasalle, British Columbia, Canada",H0E 7R8,william.addy@example.com,greenzebra265,1962-01-29T02:32:18.043Z,2002-11-25T21:29:33.432Z,I49 B76-0739,https://randomuser.me/api/portraits/med/men/57.jpg
939530861,Charles,Park,male,"6950 Stanley Way, Delisle, Ontario, Canada",D1R 8A8,charles.park@example.com,heavybird103,1969-03-18T10:16:11.151Z,2010-01-22T11:14:37.890Z,C04 X57-2121,https://randomuser.me/api/portraits/med/men/14.jpg
2890901471869 57,Emeline,Masson,female,"2104 Montée du Chemin-Neuf, Perpignan, Creuse, France",28868,emeline.masson@example.com,purpletiger360,1989-10-11T16:51:00.491Z,2006-05-21T21:21:37.080Z,05-06-28-28-84,https://randomuser.me/api/portraits/med/women/29.jpg
235.950.711-47,Catamina,Pinto,female,"2008 Rua Três, Santa Bárbara D'Oeste, Pará, Brazil",18447,catamina.pinto@example.com,sadsnake622,1950-01-31T01:04:19.056Z,2003-04-10T05:46:06.963Z,(87) 7692-6237,https://randomuser.me/api/portraits/med/women/6.jpg
NaNNA688undefined,Hilla,Jokela,female,"6251 Hämeenkatu, Sodankylä, Southern Ostrobothnia, Finland",89247,hilla.jokela@example.com,redostrich637,1969-03-22T13:20:47.290Z,2010-01-14T16:47:24.496Z,06-902-452,https://randomuser.me/api/portraits/med/women/92.jpg
654395112494,Brijesh,Shroff,male,"1391 Rajpath, Sri Ganganagar, Arunachal Pradesh, India",94113,brijesh.shroff@example.com,sadcat206,1965-12-16T13:05:56.509Z,2005-12-27T15:12:43.352Z,7427842571,https://randomuser.me/api/portraits/med/men/67.jpg
901314275328,Malathy,Kini,female,"551 Altamount Rd, Karimnagar, Haryana, India",56498,malathy.kini@example.com,tinymouse488,1991-12-24T14:50:14.697Z,2022-05-03T17:05:19.382Z,7960016990,https://randomuser.me/api/portraits/med/women/34.jpg
76 090149 F 754,Yvette,Fehr,female,"4704 Kiefernweg, Neusäß, Thüringen, Germany",23566,yvette.fehr@example.com,angryswan435,1949-01-09T12:13:04.981Z,2002-04-08T21:40:26.607Z,0936-2559176,https://randomuser.me/api/portraits/med/women/78.jpg
071074628306,Anaisha,Pujari,female,"9322 Chimanlal Girdharlal Rd, Burhanpur, Kerala, India",42881,anaisha.pujari@example.com,sadostrich906,2001-03-10T14:30:38.152Z,2002-11-29T10:36:06.964Z,9765730463,https://randomuser.me/api/portraits/med/women/10.jpg
NaNNA930undefined,Minttu,Hannula,female,"5292 Otavalankatu, Raisio, Finland Proper, Finland",87754,minttu.hannula@example.com,crazyrabbit255,1955-02-23T01:39:35.587Z,2002-12-06T04:27:47.035Z,04-258-184,https://randomuser.me/api/portraits/med/women/76.jpg
1941088298534 47,Ryan,Fournier,male,"182 Rue de la Gare, Metz, Tarn-et-Garonne, France",11162,ryan.fournier@example.com,greenzebra337,1994-11-20T07:04:46.487Z,2003-05-18T21:19:28.821Z,05-20-58-02-78,https://randomuser.me/api/portraits/med/men/11.jpg
205387187649,Ranjani,Mendonsa,female,"1399 Racecource Rd, Malda, Manipur, India",22650,ranjani.mendonsa@example.com,beautifulgoose760,1979-01-23T18:41:42.607Z,2009-03-14T10:14:29.169Z,7849620435,https://randomuser.me/api/portraits/med/women/54.jpg
756.1157.4418.63,Milos,Morel,male,"7088 Rue de la Mairie, Kleinandelfingen, St. Gallen, Switzerland",5867,milos.morel@example.com,goldenostrich967,1967-01-07T18:25:18.765Z,2005-01-12T03:10:07.714Z,076 184 82 86,https://randomuser.me/api/portraits/med/men/18.jpg
683011316,Hudson,Singh,male,"7659 Dufferin St, Sherbrooke, Prince Edward Island, Canada",H0U 5F7,hudson.singh@example.com,greengoose521,1955-10-24T22:37:37.201Z,2005-01-06T02:01:17.923Z,I93 C33-1833,https://randomuser.me/api/portraits/med/men/34.jpg
919195255,Maya,Williams,female,"4225 Grand Marais Ave, Southampton, Nova Scotia, Canada",Q6O 0G6,maya.williams@example.com,greenpeacock908,1970-01-08T10:17:07.727Z,2011-02-14T18:08:13.430Z,O78 A09-9642,https://randomuser.me/api/portraits/med/women/42.jpg
47 130469 R 940,Asta,Rößner,female,"6805 Mozartstraße, Beilstein, Sachsen-Anhalt, Germany",20773,asta.rossner@example.com,redostrich804,1969-04-13T08:03:33.900Z,2019-12-19T04:09:52.275Z,0314-3168706,https://randomuser.me/api/portraits/med/women/12.jpg
912736935794,Siddharth,Prabhakaran,male,"2343 Tripolia Bazar, Kolkata, Meghalaya, India",98444,siddharth.prabhakaran@example.com,smallgorilla524,1975-08-02T11:45:04.569Z,2022-03-26T20:41:03.047Z,7056155092,https://randomuser.me/api/portraits/med/men/33.jpg
010386-2686,Felix,Thomsen,male,"5925 Højgårdstoften, Stenderup, Midtjylland, Denmark",74833,felix.thomsen@example.com,angryswan794,1986-03-01T15:31:22.105Z,2007-02-13T14:45:07.935Z,01194576,https://randomuser.me/api/portraits/med/men/57.jpg
051295-5531,Mathilde,Christiansen,female,"2445 Stærevej, Roskilde, Nordjylland, Denmark",38291,mathilde.christiansen@example.com,bigrabbit165,1995-12-05T23:45:56.510Z,2014-02-11T02:17:30.882Z,01633794,https://randomuser.me/api/portraits/med/women/82.jpg
23 2702101 F 439,Wenzel,Forstner,male,"7001 Industriestraße, Schauenstein, Baden-Württemberg, Germany",91352,wenzel.forstner@example.com,happyfrog253,2001-02-27T08:14:28.269Z,2003-06-11T17:28:30.014Z,0586-1607295,https://randomuser.me/api/portraits/med/men/7.jpg
916647555187,Tejaswi,Prajapati,female,"6565 Altamount Rd, Noida, Meghalaya, India",41670,tejaswi.prajapati@example.com,browngorilla496,1995-05-29T07:54:18.972Z,2022-01-27T19:00:53.524Z,8049330546,https://randomuser.me/api/portraits/med/women/94.jpg
020862-3700,Asta,Christiansen,female,"2963 Toftevej, Aarhus, Syddanmark, Denmark",27090,asta.christiansen@example.com,whiteladybug301,1962-08-02T08:04:49.506Z,2020-07-11T02:34:25.832Z,22086727,https://randomuser.me/api/portraits/med/women/39.jpg
14098123823,Amelija,Jåsund,female,"6040 Bygdøylund, Bjølstad, Hedmark, Norway",9480,amelija.jasund@example.com,happytiger781,1981-09-14T04:03:40.262Z,2019-09-26T18:55:38.086Z,31974305,https://randomuser.me/api/portraits/med/women/2.jpg
426106985,Simon,Wilson,male,"7426 Brock Rd, Cadillac, Québec, Canada",X7C 3Z7,simon.wilson@example.com,orangekoala660,1979-04-24T17:52:13.323Z,2014-02-24T17:02:40.378Z,Y00 Z26-4189,https://randomuser.me/api/portraits/med/men/65.jpg
OJ 40 76 68 H,Jason,Wallace,male,"5711 Kings Road, Leicester, Dyfed, United Kingdom",Z2G 3RU,jason.wallace@example.com,beautifulswan344,1948-04-23T03:03:07.972Z,2020-03-10T10:08:32.684Z,0161 123 5015,https://randomuser.me/api/portraits/med/men/77.jpg
67 14 00 2957 2,Lorena,Carmona,female,"9011 Circunvalación Morelos, Ayutla de los Libres, Guanajuato, Mexico",97357,lorena.carmona@example.com,crazycat940,1958-02-10T23:06:57.286Z,2012-08-14T11:17:20.791Z,(600) 832 7624,https://randomuser.me/api/portraits/med/women/57.jpg
996.795.242-84,Abelâmio,Gonçalves,male,"3463 Rua Santa Rita , São Paulo, Minas Gerais, Brazil",85966,abelamio.goncalves@example.com,greendog905,1979-06-19T02:12:01.236Z,2014-12-03T10:47:11.906Z,(84) 9655-1471,https://randomuser.me/api/portraits/med/men/66.jpg
10521497,Charissa,Brus,female,"3741 Alberdinck Thijmstraat, Mariahoop, Noord-Brabant, Netherlands",3857 GY,charissa.brus@example.com,beautifulladybug761,1988-01-24T02:00:50.411Z,2003-08-16T06:33:36.360Z,(072) 5525502,https://randomuser.me/api/portraits/med/women/21.jpg
710505559,Danka,Polić,female,"7494 Berkovačka, Merošina, Pčinja, Serbia",81341,danka.polic@example.com,yellowbear407,1962-05-31T17:00:36.189Z,2020-04-08T00:45:49.816Z,011-2680-789,https://randomuser.me/api/portraits/med/women/17.jpg
772820631,Miloje,Tomašević,male,"6822 Vragovačka, Leposavić, Pomoravlje, Serbia",53414,miloje.tomasevic@example.com,whiteswan636,1961-09-09T10:07:05.537Z,2008-04-08T08:25:20.105Z,028-8455-842,https://randomuser.me/api/portraits/med/men/70.jpg
970257846,Etienne,Barnaby,male,"7532 Richmond Ave, Victoria, Québec, Canada",X5U 2T6,etienne.barnaby@example.com,lazyostrich753,1963-04-15T05:33:50.445Z,2004-03-28T13:30:23.030Z,A61 A59-4501,https://randomuser.me/api/portraits/med/men/90.jpg
26065907185,James,Langeland,male,"3317 Snipp-Møllers vei, Stavern, Sogn og Fjordane, Norway",4691,james.langeland@example.com,blacksnake949,1959-06-26T06:40:11.914Z,2012-01-11T03:34:42.653Z,38382463,https://randomuser.me/api/portraits/med/men/18.jpg
0388773T,Theo,Harvey,male,"3293 Dame Street, Waterford, Cavan, Ireland",12068,theo.harvey@example.com,browngorilla275,1979-03-11T17:00:31.034Z,2020-03-26T01:26:34.773Z,021-980-6891,https://randomuser.me/api/portraits/med/men/40.jpg
66 0603100 T 819,Malgorzata,Tausch,female,"7587 Ringstraße, Waldheim, Brandenburg, Germany",45414,malgorzata.tausch@example.com,heavysnake946,2000-03-06T22:45:20.803Z,2002-06-18T21:47:44.643Z,0419-8612881,https://randomuser.me/api/portraits/med/women/56.jpg
325-74-1986,Denise,Morrison,female,"8738 Bruce St, Dallas, Utah, United States",98777,denise.morrison@example.com,lazyzebra313,1999-03-03T16:54:15.430Z,2005-01-10T09:16:54.916Z,(878) 684-6982,https://randomuser.me/api/portraits/med/women/30.jpg
611393844963,Pranit,Kulkarni,male,"7748 Coaker's Walk, Shimla, Andaman and Nicobar Islands, India",49410,pranit.kulkarni@example.com,yellowmeercat693,1982-07-22T09:52:35.786Z,2021-07-18T13:39:16.656Z,7171369813,https://randomuser.me/api/portraits/med/men/25.jpg
756.8839.6399.21,Daniela,Joly,female,"2906 Avenue du Fort-Caire, Ottenbach, Fribourg, Switzerland",2428,daniela.joly@example.com,tinymeercat601,1953-02-14T12:41:00.120Z,2016-09-25T06:40:53.576Z,076 491 13 97,https://randomuser.me/api/portraits/med/women/55.jpg
790154546,Malik,Margaret,male,"7304 St. Catherine St, Westport, Ontario, Canada",K6Y 1N3,malik.margaret@example.com,smallsnake143,1960-05-14T03:25:52.969Z,2013-01-30T18:00:19.775Z,W32 U33-8008,https://randomuser.me/api/portraits/med/men/53.jpg
HW 55 34 48 Y,Suzy,Richards,female,"8610 George Street, St Albans, Suffolk, United Kingdom",O0 9RX,suzy.richards@example.com,lazygoose490,1956-09-21T04:12:12.325Z,2015-09-06T14:34:41.993Z,019467 19114,https://randomuser.me/api/portraits/med/women/76.jpg
239819710,Nathaniel,Willis,male,"5477 Country Club Rd, Cairns, New South Wales, Australia",7065,nathaniel.willis@example.com,bluepanda533,2001-04-04T22:24:22.245Z,2019-04-25T22:34:26.428Z,05-7277-7831,https://randomuser.me/api/portraits/med/men/14.jpg
680-34-7959,Monica,Howard,female,"7108 W Gray St, Miami, California, United States",94018,monica.howard@example.com,orangerabbit533,1988-09-21T03:59:40.077Z,2013-07-27T13:13:56.013Z,(370) 810-5813,https://randomuser.me/api/portraits/med/women/69.jpg
003098597,Jade,Bergeron,female,"47 Elgin St, Aylmer, Ontario, Canada",I4G 0S8,jade.bergeron@example.com,yellowzebra773,1989-02-28T13:35:41.014Z,2004-01-03T20:53:08.790Z,C93 K10-7446,https://randomuser.me/api/portraits/med/women/35.jpg
JA 85 58 33 H,Lisa,Gordon,female,"4018 Bridge Road, Nottingham, Worcestershire, United Kingdom",QU3 0DY,lisa.gordon@example.com,heavyleopard405,1950-09-16T04:14:29.687Z,2002-04-27T12:46:52.753Z,01423 155783,https://randomuser.me/api/portraits/med/women/27.jpg
78 191266 R 519,Marie-Luise,Rieger,female,"656 Lerchenweg, Haßfurt, Hessen, Germany",35647,marie-luise.rieger@example.com,beautifulbutterfly130,1966-12-19T15:02:15.023Z,2004-11-16T02:24:26.090Z,0638-6000887,https://randomuser.me/api/portraits/med/women/55.jpg
2571111008550 76,Lina,Barbier,female,"3025 Rue Courbet, Créteil, Mayotte, France",24033,lina.barbier@example.com,whiteostrich574,1957-12-15T18:10:13.619Z,2011-10-13T18:37:28.730Z,02-45-81-25-04,https://randomuser.me/api/portraits/med/women/35.jpg
85 33 80 9633 0,Carla,Bahena,female,"5868 Callejón Norte de la Garza, Axotlán, Hidalgo, Mexico",12870,carla.bahena@example.com,yellowbird156,1952-03-24T04:00:45.134Z,2019-11-23T23:38:26.175Z,(643) 137 4518,https://randomuser.me/api/portraits/med/women/57.jpg
951578202493,Ryan,Almeida,male,"5092 Marine Drive, Sri Ganganagar, Uttar Pradesh, India",70578,ryan.almeida@example.com,orangebutterfly707,1992-12-27T20:30:51.204Z,2002-12-24T22:44:41.646Z,8155478648,https://randomuser.me/api/portraits/med/men/42.jpg
10037629826,Leana,Sarwar,female,"5006 Mellombølgen, Sponvika, Oslo, Norway",7428,leana.sarwar@example.com,bigbutterfly266,1976-03-10T19:50:23.715Z,2007-10-29T23:45:08.435Z,61893077,https://randomuser.me/api/portraits/med/women/8.jpg
146431311021,Navya,Kini,female,"3503 Marine Drive, Thanjavur, Uttar Pradesh, India",67169,navya.kini@example.com,whitedog720,2000-07-20T15:08:24.117Z,2012-03-01T21:09:49.771Z,8655893016,https://randomuser.me/api/portraits/med/women/0.jpg
63 27 12 2133 7,Francisco Javier,Villa,male,"2268 Periférico Sinaloa, El Mármol, Morelos, Mexico",24903,franciscojavier.villa@example.com,tinytiger981,1974-10-05T12:30:52.455Z,2006-10-12T16:29:56.768Z,(601) 437 8900,https://randomuser.me/api/portraits/med/men/67.jpg
756.7986.0474.70,Kilian,Martin,male,"4012 Rue Cyrus-Hugues, Dulliken, Graubünden, Switzerland",3340,kilian.martin@example.com,tinylion154,1965-06-13T05:55:53.084Z,2020-01-07T20:06:30.024Z,077 775 63 57,https://randomuser.me/api/portraits/med/men/87.jpg
756.9460.8963.01,Torsten,Perrin,male,"298 Rue du Bât-D'Argent, Urmein, Bern, Switzerland",6261,torsten.perrin@example.com,tinybird236,1982-07-13T06:11:52.810Z,2019-02-25T21:26:09.008Z,079 178 65 96,https://randomuser.me/api/portraits/med/men/47.jpg
79411250-G,Ismael,Ortega,male,"7992 Calle de Atocha, Orihuela, Canarias, Spain",45802,ismael.ortega@example.com,purplegoose877,1990-09-18T17:55:24.370Z,2022-03-15T10:44:54.641Z,913-096-221,https://randomuser.me/api/portraits/med/men/75.jpg
150352-9996,Frederikke,Møller,male,"8388 Vesterbrogade, Århus C., Danmark, Denmark",36426,frederikke.moller@example.com,blueswan548,1952-03-15T20:41:49.725Z,2019-05-10T01:44:52.028Z,36595153,https://randomuser.me/api/portraits/med/men/1.jpg
NaNNA389undefined,Oliver,Kumpula,male,"1824 Satakennankatu, Kaustinen, Southern Savonia, Finland",52620,oliver.kumpula@example.com,angryduck237,1958-06-21T09:28:50.979Z,2009-09-05T10:36:59.557Z,06-134-920,https://randomuser.me/api/portraits/med/men/52.jpg
4107028T,Darren,Hopkins,male,"3955 Dame Street, Carlow, Wicklow, Ireland",19370,darren.hopkins@example.com,biggoose494,1991-03-27T13:28:04.068Z,2014-01-20T11:53:13.876Z,061-553-2393,https://randomuser.me/api/portraits/med/men/84.jpg
563.494.470-29,Egídio,Fernandes,male,"241 Avenida da Democracia, Taubaté, Bahia, Brazil",52863,egidio.fernandes@example.com,whiteelephant794,1960-10-03T04:18:37.125Z,2006-11-27T15:55:41.633Z,(04) 9269-9796,https://randomuser.me/api/portraits/med/men/97.jpg
619.448.607-91,Marliene,Costa,female,"454 Avenida D. Pedro Ii, Caraguatatuba, Sergipe, Brazil",33478,marliene.costa@example.com,organicdog930,1995-06-20T12:54:12.389Z,2016-02-18T22:30:10.760Z,(62) 8911-5444,https://randomuser.me/api/portraits/med/women/60.jpg
860413731,Chloe,Gauthier,female,"4102 Pine Rd, Selkirk, Ontario, Canada",D7B 0N2,chloe.gauthier@example.com,blackmeercat888,1974-09-29T19:11:12.487Z,2004-08-07T18:14:23.328Z,M33 T29-8409,https://randomuser.me/api/portraits/med/women/14.jpg
NaNNA125undefined,Eeli,Hakala,male,"7875 Mannerheimintie, Kemijärvi, South Karelia, Finland",63312,eeli.hakala@example.com,orangebird678,1995-04-25T20:35:44.710Z,2005-09-08T07:48:51.226Z,02-058-858,https://randomuser.me/api/portraits/med/men/74.jpg
378-49-5650,Riley,Graves,female,"8943 Hunters Creek Dr, Fort Lauderdale, Colorado, United States",21468,riley.graves@example.com,redbutterfly277,1945-07-27T22:04:02.529Z,2014-08-03T00:11:24.704Z,(930) 609-2668,https://randomuser.me/api/portraits/med/women/13.jpg
621486083,Jack,Lévesque,male,"1075 Pierre Ave, Sutton, Manitoba, Canada",W6I 8U2,jack.levesque@example.com,bigpanda315,1950-06-03T15:54:03.209Z,2020-07-25T05:21:14.917Z,B24 H66-8397,https://randomuser.me/api/portraits/med/men/59.jpg
750541401,Alice,Walker,female,"2399 Dufferin St, Lumsden, Québec, Canada",C9X 8A6,alice.walker@example.com,brownkoala686,1963-10-23T14:29:56.763Z,2014-01-17T10:47:11.006Z,T86 Z72-7297,https://randomuser.me/api/portraits/med/women/34.jpg
NaNNA182undefined,Siiri,Suomi,female,"2987 Pirkankatu, Janakkala, Central Ostrobothnia, Finland",84709,siiri.suomi@example.com,purpleostrich310,1993-03-02T07:06:10.260Z,2020-01-08T09:21:50.513Z,07-196-803,https://randomuser.me/api/portraits/med/women/86.jpg
240967-0970,Ella,Thomsen,female,"8309 Søvejen, Lundby, Hovedstaden, Denmark",82191,ella.thomsen@example.com,whitebird270,1967-09-24T07:59:06.029Z,2008-05-18T02:05:11.593Z,93069409,https://randomuser.me/api/portraits/med/women/35.jpg
756.2741.3530.50,Helen,Muller,female,"9244 Avenue Tony-Garnier, Gossau (Sg), Graubünden, Switzerland",5909,helen.muller@example.com,beautifulpeacock107,1999-10-07T21:09:58.146Z,2007-11-24T01:22:24.407Z,078 053 75 64,https://randomuser.me/api/portraits/med/women/35.jpg
758893044,Noelle,Simmmons,female,"2400 Preston Rd, Queanbeyan, South Australia, Australia",1283,noelle.simmmons@example.com,tinyfish584,1958-12-14T10:35:28.836Z,2019-12-10T15:14:00.227Z,04-4991-5097,https://randomuser.me/api/portraits/med/women/81.jpg
03 50 34 5835 5,Eva,Carmona,female,"1698 Corredor Portugal, Ejido Guanajuato, Oaxaca, Mexico",90968,eva.carmona@example.com,heavyduck954,1954-10-19T13:27:00.095Z,2012-09-01T04:08:14.569Z,(673) 099 7292,https://randomuser.me/api/portraits/med/women/96.jpg
080-70-7695,Alfred,Ruiz,male,"1817 Forest Ln, Denton, Hawaii, United States",32553,alfred.ruiz@example.com,blacklion550,1946-11-06T17:42:24.799Z,2006-04-30T13:49:22.664Z,(415) 858-1523,https://randomuser.me/api/portraits/med/men/42.jpg
406544299317,Neha,Acharya,female,"6482 Sitabuldi Main Rd, Dehri, Chandigarh, India",44432,neha.acharya@example.com,silverrabbit387,1992-07-13T16:55:40.040Z,2006-07-20T13:21:09.096Z,7448540455,https://randomuser.me/api/portraits/med/women/54.jpg
46 25 28 3705 1,Serafín,Valverde,male,"8088 Pasaje Querétaro, San Felipe Aztatán, Sinaloa, Mexico",32760,serafin.valverde@example.com,heavygoose364,1963-02-25T13:16:42.666Z,2020-02-20T06:40:07.436Z,(610) 214 1649,https://randomuser.me/api/portraits/med/men/11.jpg
756.8497.0432.74,Hassan,Gauthier,male,"4941 Rue Bony, Heitenried, Zürich, Switzerland",6371,hassan.gauthier@example.com,bluetiger446,1977-03-15T06:31:28.005Z,2013-12-24T10:46:20.520Z,076 441 68 18,https://randomuser.me/api/portraits/med/men/8.jpg
111249-7414,Benjamin,Rasmussen,male,"3527 Grønnegården, Kongsvinger, Danmark, Denmark",23168,benjamin.rasmussen@example.com,goldenostrich325,1949-12-11T14:49:18.198Z,2004-10-13T22:32:53.874Z,86255235,https://randomuser.me/api/portraits/med/men/27.jpg
NaNNA132undefined,Veera,Lampi,female,"6353 Korkeavuorenkatu, Valtimo, Kymenlaakso, Finland",29137,veera.lampi@example.com,blackpeacock126,1964-03-15T12:42:28.852Z,2005-05-07T17:38:20.995Z,04-794-522,https://randomuser.me/api/portraits/med/women/74.jpg
068.725.143-26,Pedro,da Mata,male,"4690 Rua Das Flores , Lauro de Freitas, Amazonas, Brazil",62716,pedro.damata@example.com,brownostrich803,1964-04-18T18:06:52.931Z,2017-02-05T05:50:29.310Z,(56) 6931-3642,https://randomuser.me/api/portraits/med/men/48.jpg
94 78 65 6319 0,Abigail,Archuleta,female,"7246 Diagonal Oaxaca, Tlaxco, Michoacan, Mexico",62259,abigail.archuleta@example.com,happyfrog321,1996-03-05T01:39:56.876Z,2009-09-04T08:30:50.087Z,(628) 197 2021,https://randomuser.me/api/portraits/med/women/93.jpg
482.833.317-38,Helen,Dias,female,"2677 Rua Vinte E Um, Feira de Santana, Mato Grosso, Brazil",91507,helen.dias@example.com,bluedog786,1999-01-14T10:54:53.658Z,2021-02-08T08:39:30.137Z,(79) 4520-7283,https://randomuser.me/api/portraits/med/women/16.jpg
709444558960,Bakhshi,Shayana,male,"3370 Lamington Rd, Bhubaneswar, Puducherry, India",64676,bakhshi.shayana@example.com,bigelephant700,1970-09-13T08:57:14.616Z,2005-09-27T14:50:35.797Z,9380085287,https://randomuser.me/api/portraits/med/men/6.jpg
38054241,Sami,Raven,male,"8189 Elim, Ekehaar, Noord-Brabant, Netherlands",7620 PX,sami.raven@example.com,brownbear273,1973-12-12T01:49:03.363Z,2004-09-18T07:27:06.887Z,(064) 4852353,https://randomuser.me/api/portraits/med/men/19.jpg
05010070106,Wiktor,Dalheim,male,"7866 Christopher Hansteens vei, Mule, Buskerud, Norway",1087,wiktor.dalheim@example.com,goldengorilla689,2000-01-05T20:16:09.976Z,2019-01-19T07:46:57.543Z,52635554,https://randomuser.me/api/portraits/med/men/42.jpg
16308322,Wendell,Arendse,male,"228 Hjelburd, Drimmelen, Gelderland, Netherlands",0686 JV,wendell.arendse@example.com,biggoose410,1962-11-24T08:37:24.976Z,2012-05-11T23:54:25.652Z,(0426) 835483,https://randomuser.me/api/portraits/med/men/83.jpg
084.738.829-34,Creusa,Ferreira,female,"3991 Rua Espirito Santo , Canoas, Pará, Brazil",92867,creusa.ferreira@example.com,blackfish412,1975-05-05T20:44:39.033Z,2020-04-16T17:19:00.138Z,(41) 2068-3891,https://randomuser.me/api/portraits/med/women/85.jpg
307252367,Vlade,Lončarević,male,"2850 Krečanska, Bela Palanka, Kolubara, Serbia",51776,vlade.loncarevic@example.com,blackostrich462,1996-08-03T22:43:51.890Z,2009-06-18T14:24:32.024Z,039-5505-795,https://randomuser.me/api/portraits/med/men/19.jpg
07349600,Immanuël,Van Lente,male,"3062 Kapellewei, De Hoef, Friesland, Netherlands",5303 PC,immanuel.vanlente@example.com,heavysnake689,1956-08-31T10:18:39.386Z,2021-10-14T10:32:05.903Z,(0750) 756653,https://randomuser.me/api/portraits/med/men/34.jpg
87 78 95 2800 2,Rolando,Villagómez,male,"3091 Privada Tejada, Potam, Ciudad de Mexico, Mexico",91743,rolando.villagomez@example.com,tinybird952,1976-09-28T14:39:00.170Z,2005-05-29T22:48:53.908Z,(663) 622 5580,https://randomuser.me/api/portraits/med/men/93.jpg
518-97-8183,Claudia,Morrison,female,"8985 Frances Ct, Austin, West Virginia, United States",20303,claudia.morrison@example.com,sadbear372,1993-02-27T13:06:12.992Z,2017-08-04T00:58:01.544Z,(725) 530-8750,https://randomuser.me/api/portraits/med/women/45.jpg
9097160T,Wallace,Jordan,male,"6499 Park Road, Swords, Mayo, Ireland",31707,wallace.jordan@example.com,whitepanda503,1944-09-23T11:00:39.425Z,2002-07-12T00:42:28.551Z,031-675-8580,https://randomuser.me/api/portraits/med/men/12.jpg
801489006,Jayden,Ennis,male,"9297 Stanley Way, Princeton, British Columbia, Canada",W4J 0D6,jayden.ennis@example.com,whitefrog765,1947-11-20T21:21:49.723Z,2007-06-17T21:02:20.687Z,Z06 B06-5253,https://randomuser.me/api/portraits/med/men/2.jpg
756.6748.1593.05,Paulina,Fournier,female,"930 Rue Gasparin, Vogorno, Nidwalden, Switzerland",8704,paulina.fournier@example.com,greenbird348,1953-03-27T04:15:10.966Z,2014-04-24T00:27:10.167Z,075 318 99 87,https://randomuser.me/api/portraits/med/women/4.jpg
NaNNA004undefined,Iina,Lehtola,female,"1207 Hämeenkatu, Pyhtää, Central Finland, Finland",65683,iina.lehtola@example.com,beautifulleopard992,1994-01-02T05:29:45.631Z,2012-05-24T14:48:04.522Z,07-847-742,https://randomuser.me/api/portraits/med/women/11.jpg
088163009899,Rohan,Naik,male,"9656 Altamount Rd, Hosur, Jharkhand, India",27461,rohan.naik@example.com,yellowcat855,1974-04-01T01:09:25.493Z,2012-06-16T22:07:22.846Z,8790780658,https://randomuser.me/api/portraits/med/men/4.jpg
100280-3107,Christoffer,Sørensen,male,"2317 Rosengade, Lundby, Midtjylland, Denmark",61818,christoffer.sorensen@example.com,organicduck783,1980-02-11T00:12:42.873Z,2012-01-08T19:35:51.787Z,13737781,https://randomuser.me/api/portraits/med/men/93.jpg
20903808-G,Julio,Román,male,"7454 Calle de Toledo, Alcalá de Henares, Comunidad de Madrid, Spain",79049,julio.roman@example.com,tinykoala500,1982-04-23T22:17:53.715Z,2008-05-26T20:53:12.915Z,983-069-225,https://randomuser.me/api/portraits/med/men/89.jpg
706.283.582-01,Jaques,Alves,male,"4876 Rua João Xxiii, Carapicuíba, Santa Catarina, Brazil",77128,jaques.alves@example.com,silvermouse564,1961-08-20T10:41:30.208Z,2018-06-05T10:43:20.707Z,(43) 9686-4303,https://randomuser.me/api/portraits/med/men/23.jpg
AG 24 56 67 A,Sarah,Scott,female,"2345 The Drive, Belfast, Lothian, United Kingdom",HM3R 8EL,sarah.scott@example.com,tinycat457,1996-04-18T02:47:12.872Z,2019-04-21T14:53:53.171Z,015396 86710,https://randomuser.me/api/portraits/med/women/38.jpg
NaNNA623undefined,Arttu,Kujala,male,"7412 Visiokatu, Laukaa, Päijät-Häme, Finland",90719,arttu.kujala@example.com,goldenbird346,1972-06-20T05:22:13.474Z,2021-02-04T09:33:06.531Z,05-352-951,https://randomuser.me/api/portraits/med/men/66.jpg
1881143785436 58,Mahé,Rey,male,"1743 Rue de L'Abbaye, Nice, Val-de-Marne, France",46446,mahe.rey@example.com,orangesnake885,1988-12-13T15:21:47.009Z,2011-05-06T08:56:44.714Z,05-77-29-68-94,https://randomuser.me/api/portraits/med/men/48.jpg
240181-9274,Silas,Rasmussen,male,"5319 Korsgade, Frederiksberg, Syddanmark, Denmark",95771,silas.rasmussen@example.com,ticklishbear170,1981-01-24T07:09:19.166Z,2008-04-13T14:57:50.684Z,28629749,https://randomuser.me/api/portraits/med/men/59.jpg
339.040.318-01,Cildo,Rocha,male,"5452 Rua Dezesseis de Maio, Santa Luzia, Rio Grande do Sul, Brazil",33267,cildo.rocha@example.com,happycat797,1988-05-06T04:46:49.001Z,2013-12-19T14:57:47.011Z,(75) 9024-5357,https://randomuser.me/api/portraits/med/men/42.jpg
558241885194,Kimaya,Bansal,female,"966 Bannerghatta Rd, Mehsana, Gujarat, India",13624,kimaya.bansal@example.com,greenfrog682,1949-03-20T11:08:48.365Z,2009-05-30T04:23:47.826Z,7995615251,https://randomuser.me/api/portraits/med/women/7.jpg
355929813,Letitia,Ramos,female,"2048 Camden Ave, Albany, New South Wales, Australia",4588,letitia.ramos@example.com,heavyladybug941,1957-01-10T07:55:06.893Z,2014-01-10T06:42:05.579Z,00-6421-9595,https://randomuser.me/api/portraits/med/women/8.jpg
761189042,Zachary,Jones,male,"2928 20th Ave, Southampton, Saskatchewan, Canada",P4Q 9U1,zachary.jones@example.com,brownlion450,1959-01-19T11:44:47.271Z,2016-10-01T09:59:20.410Z,U90 Y03-7707,https://randomuser.me/api/portraits/med/men/63.jpg
16056738669,Maren,Engen,female,"6431 Snipemyrlia, Nesna, Troms - Romsa, Norway",7261,maren.engen@example.com,beautifultiger126,1967-05-16T02:31:08.621Z,2005-02-12T21:42:58.128Z,74343529,https://randomuser.me/api/portraits/med/women/49.jpg
5327031T,Patricia,Wood,female,"7883 Denny Street, Clonmel, Offaly, Ireland",28286,patricia.wood@example.com,angrytiger456,1953-10-23T19:41:06.776Z,2009-10-01T15:31:10.836Z,051-308-7504,https://randomuser.me/api/portraits/med/women/44.jpg
NaNNA152undefined,Enni,Niska,female,"2829 Bulevardi, Laihia, Central Finland, Finland",10566,enni.niska@example.com,lazybear225,1990-12-15T09:31:53.073Z,2016-04-20T12:06:18.058Z,03-555-883,https://randomuser.me/api/portraits/med/women/73.jpg
NaNNA478undefined,Elli,Maki,female,"2487 Hämeenkatu, Lemland, Uusimaa, Finland",63593,elli.maki@example.com,bigwolf616,1953-12-01T17:14:55.249Z,2002-06-07T12:36:22.663Z,06-196-428,https://randomuser.me/api/portraits/med/women/96.jpg
17077125752,Eldar,Forseth,male,"492 Wilhelms gate, Tingvollvågen, Hedmark, Norway",7513,eldar.forseth@example.com,organicostrich397,1971-07-17T22:18:15.972Z,2018-10-23T17:22:22.216Z,27586502,https://randomuser.me/api/portraits/med/men/6.jpg
1669503T,Carol,Russell,female,"229 West Street, Newcastle West, Galway City, Ireland",47660,carol.russell@example.com,greenwolf990,1950-02-13T00:08:18.038Z,2020-07-16T19:02:46.199Z,031-759-5750,https://randomuser.me/api/portraits/med/women/52.jpg
19 05 43 3749 3,Eva,Burgos,female,"86 Peatonal Tlaxcala, Pajarearán, Aguascalientes, Mexico",27544,eva.burgos@example.com,purpleladybug725,1986-05-17T21:17:38.288Z,2011-02-18T01:04:18.837Z,(671) 619 0295,https://randomuser.me/api/portraits/med/women/6.jpg
19 23 69 9408 1,Georgina,Mota,female,"7794 Continuación Baja California Sur, Tepetlán, San Luis Potosí, Mexico",72602,georgina.mota@example.com,blackmeercat724,1981-06-27T12:27:45.002Z,2006-06-15T05:15:38.179Z,(615) 862 0272,https://randomuser.me/api/portraits/med/women/56.jpg
505725986,Noémie,Smith,female,"9490 College Ave, Stratford, Northwest Territories, Canada",S3W 8A1,noemie.smith@example.com,heavybutterfly965,1961-04-19T23:40:14.677Z,2005-06-11T07:34:23.250Z,L23 M83-3918,https://randomuser.me/api/portraits/med/women/16.jpg
126639792007,Sadhil,Bal,male,"3131 China Bazaar Rd, Hapur, Andaman and Nicobar Islands, India",53813,sadhil.bal@example.com,redmouse100,1971-05-24T05:09:20.226Z,2007-03-07T15:13:59.770Z,7734260661,https://randomuser.me/api/portraits/med/men/74.jpg
2740613092739 86,Eloïse,Bertrand,female,"7379 Place de L'Abbé-Basset, Colombes, Yvelines, France",36585,eloise.bertrand@example.com,whitefish470,1974-07-14T21:57:30.294Z,2004-10-08T00:22:04.712Z,02-41-40-44-04,https://randomuser.me/api/portraits/med/women/88.jpg
37097665,Dilan,Acar,male,"365 Genderstraat, Scherpenzeel Gld, Flevoland, Netherlands",1897 CB,dilan.acar@example.com,angryladybug122,1950-12-13T11:55:19.946Z,2011-01-24T13:39:32.131Z,(0085) 531820,https://randomuser.me/api/portraits/med/men/95.jpg
45444634,Reda,Wegman,male,"1413 Dodeweg West, Velsen-Zuid, Groningen, Netherlands",3287 UQ,reda.wegman@example.com,reddog111,1989-02-18T17:35:31.550Z,2007-03-20T15:05:55.490Z,(0297) 130337,https://randomuser.me/api/portraits/med/men/26.jpg
848409330,Clara,Addy,female,"2010 Alfred St, Melbourne, Québec, Canada",L6S 4I8,clara.addy@example.com,goldenmouse404,1995-02-05T09:24:38.421Z,2006-01-25T06:21:09.257Z,C07 I78-4575,https://randomuser.me/api/portraits/med/women/12.jpg
969608231,Brett,Lawrence,male,"1499 Valley View Ln, Geelong, Northern Territory, Australia",7416,brett.lawrence@example.com,bigelephant356,1975-02-01T04:21:28.872Z,2006-10-11T12:29:52.275Z,04-9466-4069,https://randomuser.me/api/portraits/med/men/27.jpg
0245999T,Dustin,Fitzpatrick,male,"4694 Tara Street, Killarney, Longford, Ireland",26608,dustin.fitzpatrick@example.com,crazymouse834,1986-12-23T12:12:10.917Z,2019-01-16T06:37:57.682Z,021-868-9019,https://randomuser.me/api/portraits/med/men/48.jpg
1668785T,Fernando,Curtis,male,"2342 George Street, Ballybofey-Stranorlar, Longford, Ireland",58926,fernando.curtis@example.com,heavyzebra335,1990-04-20T09:53:37.891Z,2019-11-04T19:33:15.221Z,051-815-3822,https://randomuser.me/api/portraits/med/men/26.jpg
478514029,Sergio,Armstrong,male,"848 Crockett St, Geelong, Western Australia, Australia",5621,sergio.armstrong@example.com,beautifulcat541,1988-04-25T18:17:02.384Z,2014-03-05T22:47:44.405Z,01-8543-6332,https://randomuser.me/api/portraits/med/men/11.jpg
57883936-V,Nieves,López,female,"7587 Ronda de Toledo, Valencia, Extremadura, Spain",49026,nieves.lopez@example.com,heavytiger278,1988-08-07T23:07:03.451Z,2012-04-02T12:32:54.708Z,908-881-586,https://randomuser.me/api/portraits/med/women/55.jpg
7766362T,Nathaniel,Shaw,male,"9271 O'Connell Avenue, Athlone, Laois, Ireland",18063,nathaniel.shaw@example.com,redbear192,1951-01-07T01:32:31.594Z,2021-02-07T17:43:01.286Z,011-750-5113,https://randomuser.me/api/portraits/med/men/49.jpg
PM 36 08 70 H,Alfredo,Bennett,male,"1318 Richmond Road, Lincoln, Tayside, United Kingdom",ON80 9UH,alfredo.bennett@example.com,heavyfrog256,1951-10-30T11:40:58.239Z,2017-07-02T13:22:59.297Z,01379 615903,https://randomuser.me/api/portraits/med/men/82.jpg
418602108,Noémie,Mitchell,female,"4308 Richmond Ave, Alma, Manitoba, Canada",D4F 0X3,noemie.mitchell@example.com,ticklishleopard838,1978-05-23T22:29:56.346Z,2009-01-02T08:54:41.385Z,R04 Q55-7511,https://randomuser.me/api/portraits/med/women/58.jpg
311.897.011-75,Fúlvia,Barbosa,female,"7336 Avenida da Democracia, Nova Iguaçu, Rio Grande do Sul, Brazil",94862,fulvia.barbosa@example.com,browngorilla460,1962-03-20T12:56:46.466Z,2020-07-27T12:30:58.764Z,(80) 1608-5358,https://randomuser.me/api/portraits/med/women/5.jpg
735.428.348-04,Otacílio,Nunes,male,"3902 Rua Vinte E Um, Ilhéus, Maranhão, Brazil",99363,otacilio.nunes@example.com,crazylion938,1995-11-22T07:40:57.676Z,2020-08-29T05:55:10.775Z,(12) 9288-0307,https://randomuser.me/api/portraits/med/men/67.jpg
05883267-J,Xavier,Suarez,male,"1452 Calle de La Luna, Torrente, Andalucía, Spain",93324,xavier.suarez@example.com,blackduck824,1968-05-27T11:11:19.011Z,2011-12-12T08:52:43.537Z,931-241-112,https://randomuser.me/api/portraits/med/men/94.jpg
24026642015,Adele,Kronstad,female,"4373 Skogbrynet, Lillehammer, Buskerud, Norway",3736,adele.kronstad@example.com,goldensnake138,1966-02-24T14:08:27.176Z,2017-10-21T03:11:16.324Z,80104512,https://randomuser.me/api/portraits/med/women/50.jpg
79196975-K,Manuel,Gallardo,male,"5291 Avenida de Salamanca, La Palma, Galicia, Spain",39814,manuel.gallardo@example.com,greengoose367,1987-04-03T20:07:22.904Z,2005-03-01T00:26:08.479Z,960-099-655,https://randomuser.me/api/portraits/med/men/85.jpg
32 31 57 2186 7,Timoteo,Almonte,male,"5486 Periférico Morelos, San Gabriel Chilac, Hidalgo, Mexico",98244,timoteo.almonte@example.com,purpleleopard609,1966-06-02T12:04:28.934Z,2008-06-07T00:20:46.796Z,(620) 410 0412,https://randomuser.me/api/portraits/med/men/20.jpg
756.0956.5133.29,Alena,Giraud,female,"951 Rue Louis-Garrand, Nods, Bern, Switzerland",3958,alena.giraud@example.com,tinygorilla525,1999-08-21T19:58:50.954Z,2014-09-24T13:18:28.009Z,079 898 05 91,https://randomuser.me/api/portraits/med/women/71.jpg
96206180-G,Oscar,Soto,male,"5198 Avenida de América, Málaga, Navarra, Spain",41879,oscar.soto@example.com,crazybear604,1993-01-01T05:27:18.158Z,2002-04-25T09:20:14.047Z,943-928-487,https://randomuser.me/api/portraits/med/men/57.jpg
CB 71 44 59 S,Ruben,Stevens,male,"7730 Main Road, Newcastle upon Tyne, Gwent, United Kingdom",OY5N 8EQ,ruben.stevens@example.com,lazygoose755,1958-10-26T19:38:10.534Z,2021-05-20T21:04:49.172Z,024 2297 4397,https://randomuser.me/api/portraits/med/men/7.jpg
3374305T,Carolyn,Silva,female,"7743 North Road, Maynooth, Carlow, Ireland",81724,carolyn.silva@example.com,ticklishtiger670,1953-08-11T20:31:27.518Z,2016-12-27T09:35:45.097Z,011-644-5315,https://randomuser.me/api/portraits/med/women/41.jpg
756.1079.3449.02,Maya,Olivier,female,"9331 Rue D'Abbeville, Halten, Uri, Switzerland",4389,maya.olivier@example.com,goldendog481,1977-01-30T12:04:39.879Z,2012-03-20T14:35:34.774Z,075 833 75 16,https://randomuser.me/api/portraits/med/women/17.jpg
WH 66 77 92 L,Ella,Chapman,female,"8356 Grove Road, Dundee, Gwynedd County, United Kingdom",ZI57 5UF,ella.chapman@example.com,browndog132,1968-02-15T19:01:17.686Z,2011-08-10T11:53:51.138Z,016977 52151,https://randomuser.me/api/portraits/med/women/55.jpg
24086511696,Sundus,Fjeld,female,"9989 Akersborg terrasse, Sem, Akershus, Norway",1533,sundus.fjeld@example.com,tinybird872,1965-08-24T14:18:48.904Z,2014-03-04T13:23:46.275Z,30655759,https://randomuser.me/api/portraits/med/women/69.jpg
63 151267 P 503,Melitta,Pflüger,female,"9404 Gartenstraße, Waldsassen, Niedersachsen, Germany",47464,melitta.pfluger@example.com,lazygorilla911,1967-12-15T22:46:15.975Z,2018-09-04T23:00:14.726Z,0351-0795427,https://randomuser.me/api/portraits/med/women/64.jpg
70 100746 K 324,Edelbert,Korth,male,"4301 Marktplatz, Burgdorf, Hamburg, Germany",75256,edelbert.korth@example.com,silverbird791,1946-07-10T11:24:18.838Z,2009-07-13T00:58:54.184Z,0272-1108371,https://randomuser.me/api/portraits/med/men/60.jpg
EK 99 74 92 U,Liam,Lopez,male,"5411 London Road, Bradford, County Londonderry, United Kingdom",PV5 1YF,liam.lopez@example.com,bluebird656,1962-03-31T16:00:30.727Z,2007-07-06T13:18:15.736Z,015396 51108,https://randomuser.me/api/portraits/med/men/96.jpg
060556-0240,Frida,Sørensen,female,"3621 Kildegårdsvej, Klitmøller, Hovedstaden, Denmark",41979,frida.sorensen@example.com,bigleopard749,1956-05-06T15:05:11.234Z,2021-11-22T13:25:36.444Z,75944887,https://randomuser.me/api/portraits/med/women/18.jpg
29116211112,Yousef,Byrkjeland,male,"6447 Prinsdalskleiva, Kaland, Akershus, Norway",5914,yousef.byrkjeland@example.com,lazypanda963,1962-11-29T06:05:15.152Z,2003-04-29T22:15:14.272Z,33537235,https://randomuser.me/api/portraits/med/men/43.jpg
9098935T,Adrian,Grant,male,"446 Rochestown Road, Laytown-Bettystown-Mornington, South Dublin, Ireland",10687,adrian.grant@example.com,redfrog539,1985-05-30T02:09:24.279Z,2017-04-25T13:36:56.817Z,061-089-4796,https://randomuser.me/api/portraits/med/men/30.jpg
NaNNA962undefined,Viivi,Murto,female,"7749 Myllypuronkatu, Vihanti, Päijät-Häme, Finland",39408,viivi.murto@example.com,smallbird329,1989-01-29T20:07:06.348Z,2003-11-16T13:56:26.016Z,05-150-149,https://randomuser.me/api/portraits/med/women/13.jpg
94121605,Raziye,Talhaoui,female,"4664 Caro van Eyckweg, Leggeloo, Noord-Holland, Netherlands",5661 VC,raziye.talhaoui@example.com,bigfrog378,1965-05-08T02:07:37.814Z,2021-12-26T07:58:32.251Z,(076) 2348474,https://randomuser.me/api/portraits/med/women/40.jpg
